Date,ID,Cost,category,Name,Desc
03/10/2015,Reference: AT152770007000010217342,24.5,Essential Foods,MARKS AND SPENCER OXFOR OXFORD,RETAIL GOODS Process Date 04/10/2015  RETAIL GOODS
04/10/2015,Reference: AT152780012000010221814,6.5,Sandwich,PRET A MANGER-OXFORD CO OXFORD, Process Date 04/10/2015
03/09/2015,Reference: AT152470013000010211903,8.2,Medicine,BOOTS THE CHEMIST OXFORD,MERCHANDISE Process Date 03/09/2015  MERCHANDISE
03/09/2015,Reference: AT152470013000010213487,4.75,Transportation,BROADGATE LIVERPOOL ST LONDON, Process Date 04/09/2015
03/09/2015,Reference: AT152470013000010212490,87,Postal,MBE SHEPHERDS BUSH LONDON, Process Date 03/09/2015
03/09/2015,Reference: AT152470013000010212915,4.4,Essential Foods,WM MORRISONS STORES LONDON, Process Date 03/09/2015
05/09/2015,Reference: AT152490006000010195214,41.84,Luxury Foods,WAITROSE HEADINGTON OXFORD,GENERAL GOODS Process Date 05/09/2015  GENERAL GOODS
06/09/2015,Reference: AT152500015000010205024,520,Jewelry,BEAVERBROOKS JEWELLERS OXFORD,0155 Oxford Process Date 06/09/2015  0155 Oxford
06/09/2015,Reference: AT152500015000010205052,10.7,Sandwich,BODLEIAN LIBRARY OXFORD,Benugo Ltd - Bodleian Libary Process Date 06/09/2015  Benugo Ltd - Bodleian Libary
06/09/2015,Reference: AT152500015000010205799,92.5,Essential Foods,MARKS AND SPENCER OXFOR OXFORD,RETAIL GOODS Process Date 06/09/2015  RETAIL GOODS
06/09/2015,Reference: AT152500015000010205361,30.94,Eating Out,THAIKHUN OXFORD, Process Date 06/09/2015
07/09/2015,Reference: AT152510011000010213520,5.64,Transportation,BROADGATE LIVERPOOL ST LONDON, Process Date 08/09/2015
07/09/2015,Reference: AT152510011000010212362,5.45,Sandwich,LANIMA LONDON,GOODS OR SERVICES Process Date 07/09/2015  GOODS OR SERVICES
07/09/2015,Reference: AT152510011000010213526,6.93,Essential Foods,M & S SIMPLY FOOD OXFOR OXFORD, Process Date 08/09/2015
08/09/2015,Reference: AT152520017000010206739,4.37,Essential Foods,M & S SIMPLY FOOD OXFOR OXFORD, Process Date 09/09/2015
09/09/2015,Reference: AT152530017000010206794,250,Medicine,BUPA OCCUPATIONAL HEALT LONDON, Process Date 09/09/2015
09/09/2015,Reference: AT152540015000010210539,5,Sandwich,LANIMA LONDON,GOODS OR SERVICES Process Date 10/09/2015  GOODS OR SERVICES
10/09/2015,Reference: AT152540015000010211418,1.39,Essential Foods,BROADGATE LIVERPOOL ST LONDON, Process Date 11/09/2015
10/09/2015,Reference: AT152540015000010210540,5,Sandwich,LANIMA LONDON,GOODS OR SERVICES Process Date 10/09/2015  GOODS OR SERVICES
10/09/2015,Reference: AT152540015000010210373,3623.38,Tuition,READINGECOM2 READING, Process Date 10/09/2015
10/09/2015,Reference: AT152540015000010209999,3.55,Sandwich,VITAL INGREDIENT LONDON,VITAL INGREDIENT SUN STREET Process Date 10/09/2015  VITAL INGREDIENT SUN STREET
11/09/2015,Reference: AT152550006000010215806,16.3,Eating Out,CRAB TAVERN LONDON, Process Date 11/09/2015
11/09/2015,Reference: AT152570015000010210089,5.19,Essential Foods,M & S SIMPLY FOOD OXFOR OXFORD, Process Date 14/09/2015
12/09/2015,Reference: AT152560006000010208244,22.5,Entertainment,EB *THE FACE OF BRITAI SAN FRANCISCO, Process Date 12/09/2015
12/09/2015,Reference: AT152560006000010209071,57.8,Luxury Foods,WAITROSE HEADINGTON OXFORD,GENERAL GOODS Process Date 12/09/2015  GENERAL GOODS
14/09/2015,Reference: AT152580018000010213119,6.74,Transportation,BROADGATE LIVERPOOL ST LONDON, Process Date 15/09/2015
15/09/2015,Reference: AT152590011000010205141,4.85,Essential Foods,M & S SIMPLY FOOD OXFOR OXFORD, Process Date 16/09/2015
15/09/2015,Reference: AT152580080000010007798,-1633.84,,PAYMENT RECEIVED - THANK YOU, Process Date 15/09/2015
15/09/2015,Reference: AT152590011000010203477,4.9,Sandwich,PRET A MANGER-WHITECROS LONDON, Process Date 15/09/2015
16/09/2015,Reference: AT152600011000010205290,2.39,Medicine,BOOTS THE CHEMIST LONDON,MERCHANDISE Process Date 16/09/2015  MERCHANDISE
16/09/2015,Reference: AT152600011000010205352,5,Sandwich,LANIMA LONDON,GOODS OR SERVICES Process Date 16/09/2015  GOODS OR SERVICES
16/09/2015,Reference: AT152600011000010205053,3.3,Sandwich,VITAL INGREDIENT LONDON,VITAL INGREDIENT SUN STREET Process Date 16/09/2015  VITAL INGREDIENT SUN STREET
17/09/2015,Reference: AT152610017000010219573,22.55,Eating Out,ALL BAR ONE LONDON,DATACASH DATACASHDATACASH DATACASHDATACASH Process Date 17/09/2015  DATACASH DATACASH DATACASH DATACASH DATACASH
17/09/2015,Reference: AT152610017000010219230,143.6,Transportation,FIRST GREAT WESTERN LIN OXFORD,GOODS Process Date 17/09/2015  GOODS
17/09/2015,Reference: AT152610017000010218988,6.68,Sandwich,WHISTLESTOP LONDON, Process Date 17/09/2015
18/09/2015,Reference: AT152620008000010205341,1.6,Essential Foods,IZ *SUPERNATURAL LONDON, Process Date 19/09/2015
18/09/2015,Reference: AT152620008000010204341,17.72,Eating Out,SMOLLENSKY'S RESTAURANT LONDON, Process Date 18/09/2015
19/09/2015,Reference: AT152630005000010193965,38.5,Eating Out,4500 MILES FROM DELHI 4 OXFORD, Process Date 19/09/2015
19/09/2015,Reference: AT152630005000010194958,7.59,Medicine,BOOTS THE CHEMIST OXFORD,MERCHANDISE Process Date 19/09/2015  MERCHANDISE
19/09/2015,Reference: AT152630005000010194332,48.52,Essential Foods,SAINSBURY'S SUPERMARKET OXFORD, Process Date 19/09/2015
21/09/2015,Reference: AT152650019000010219911,5,Sandwich,LANIMA LONDON,GOODS OR SERVICES Process Date 21/09/2015  GOODS OR SERVICES
21/09/2015,Reference: AT152650019000010221158,3.15,Postal,POST OFFICE HOUNDSDITC LONDON, Process Date 22/09/2015
21/09/2015,Reference: AT152650019000010219293,2.45,Sandwich,VITAL INGREDIENT LONDON,VITAL INGREDIENT SUN STREET Process Date 21/09/2015  VITAL INGREDIENT SUN STREET
21/09/2015,Reference: AT152650019000010219944,2.39,Sandwich,WHISTLESTOP LONDON, Process Date 21/09/2015
22/09/2015,Reference: AT152660018000010209720,37.7,Eating Out,ALL BAR ONE LONDON,DATACASH DATACASHDATACASH DATACASHDATACASH Process Date 22/09/2015  DATACASH DATACASH DATACASH DATACASH DATACASH
22/09/2015,Reference: AT152660018000010210136,3.12,Sandwich,BROADGATE LIVERPOOL ST LONDON, Process Date 23/09/2015
22/09/2015,Reference: AT152660018000010210336,4.2,Sandwich,FIRST GREATER WESTERN L CARDIFF, Process Date 23/09/2015
23/09/2015,Reference: AT152670019000010212659,24.8,Transportation,FIRST GREAT WESTERN LIN OXFORD,GOODS Process Date 23/09/2015  GOODS
23/09/2015,Reference: AT152670019000010211383,2.79,Sandwich,WH SMITH READING RAILWA READING,STATIONERY Process Date 23/09/2015  STATIONERY
24/09/2015,Reference: AT152680017000010221615,15.13,Entertainment,SAINSBURY'S SUPERMARKET OXFORD, Process Date 24/09/2015
25/09/2015,Reference: AT152690021000010218137,2.55,Sandwich,CAFFE NERO PADDINGTON N LONDON,Nero Express - 87 - Paddington Process Date 25/09/2015  Nero Express - 87 - Paddington
25/09/2015,Reference: AT152690021000010218813,25.15,Eating Out,GOLDEN SHALIMAR LONDON, Process Date 25/09/2015
25/09/2015,Reference: AT152680017000010224521,15,Transportation,LUL TICKET MACHINE-MARY LONDON, Process Date 25/09/2015
25/09/2015,Reference: AT152690021000010217682,3,Essential Foods,SAINSBURY'S SUPERMARKET LONDON, Process Date 25/09/2015
26/09/2015,Reference: AT152700007000010211793,4.25,Tuition,NYTDIGITALSUBSCRIPTI 800-698-4637, Process Date 26/09/2015
26/09/2015,Reference: AT152700007000010210374,30,Tuition,SUBSCRIPTION TO FT.COM LONDON,INTERNET TRANSACTION Process Date 26/09/2015  INTERNET TRANSACTION
26/09/2015,Reference: AT152700007000010212061,41.59,Essential Foods,TESCO STORES 2990 OXFORD, Process Date 27/09/2015
27/09/2015,Reference: AT152710022000010216240,7,Essential Foods,SAINSBURY'S SUPERMARKET OXFORD, Process Date 27/09/2015
27/09/2015,Reference: AT152710022000010216817,27.5,Eating Out,THAIKHUN OXFORD, Process Date 27/09/2015
27/09/2015,Reference: AT152710022000010216118,6.16,Sandwich,W H SMITH OXFORD,STATIONERY Process Date 27/09/2015  STATIONERY
28/09/2015,Reference: AT152720019000010217166,14.99,Electronics,HOME RETAIL GROUP PLC CENTRAL MILTON, Process Date 28/09/2015
28/09/2015,Reference: AT152710089000010000119,-14.99,,SafeKey ARGOS PRE PAID, Process Date 28/09/2015
28/09/2015,Reference: AT152720019000010218516,11.75,Electronics,TALKTALK TELECOM 0844995555, Process Date 28/09/2015
30/09/2015,Reference: AT152740019000010221778,6.99,Medicine,BOOTS THE CHEMIST OXFORD,MERCHANDISE Process Date 30/09/2015  MERCHANDISE
30/09/2015,Reference: AT152740019000010221948,4.99,Entertainment,MUBI LONDON, Process Date 30/09/2015
30/09/2015,Reference: AT152740019000010221189,3.2,Essential Foods,SAINSBURY'S SUPERMARKET OXFORD, Process Date 30/09/2015
30/09/2015,Reference: AT152740019000010221654,1.53,Postal,STAPLES - OXFORD OXFORD,Staples - 44111 - Oxford Process Date 30/09/2015  Staples - 44111 - Oxford
02/08/2015,Reference: AT152160021000010205732,1.5,Medicine,BOOTS THE CHEMIST WHIT LONDON,MERCHANDISE Process Date 03/08/2015  MERCHANDISE
03/08/2015,Reference: AT152160021000010205091,4.85,Sandwich,PRET A MANGER-LIVERPOOL LONDON, Process Date 03/08/2015
03/08/2015,Reference: AT152160021000010205549,1.45,Sandwich,VITAL INGREDIENT LONDON,VITAL INGREDIENT SUN STREET Process Date 03/08/2015  VITAL INGREDIENT SUN STREET
03/08/2015,Reference: AT152160021000010206281,6.5,Essential Foods,WM MORRISONS STORES LONDON, Process Date 03/08/2015
04/08/2015,Reference: AT152170012000010195198,5,Sandwich,LANIMA LONDON,GOODS OR SERVICES Process Date 04/08/2015  GOODS OR SERVICES
04/08/2015,Reference: AT152170012000010194852,3.3,Sandwich,STARBUCKS LONDON,Starbucks - 12215 - Sun Street Process Date 04/08/2015  Starbucks - 12215 - Sun Street
04/08/2015,Reference: AT152170012000010195799,5.12,Essential Foods,WM MORRISONS STORES LONDON, Process Date 04/08/2015
05/08/2015,Reference: AT152180017000010194119,5,Sandwich,LANIMA LONDON,GOODS OR SERVICES Process Date 05/08/2015  GOODS OR SERVICES
06/08/2015,Reference: AT152190011000010190896,7.15,Sandwich,LANIMA LONDON,GOODS OR SERVICES Process Date 06/08/2015  GOODS OR SERVICES
06/08/2015,Reference: AT152190011000010190508,2,Sandwich,STARBUCKS COFFEE CO LONDON,Starbucks - 12014 - 137 Victor Process Date 06/08/2015  Starbucks - 12014 - 137 Victor
07/08/2015,Reference: AT152220019000010196246,2.64,Sandwich,BROADGATE LIVERPOOL ST LONDON, Process Date 10/08/2015
07/08/2015,Reference: AT152200006000010192625,5.45,Sandwich,LANIMA LONDON,GOODS OR SERVICES Process Date 07/08/2015  GOODS OR SERVICES
08/08/2015,Reference: AT152210006000010181998,7.17,Essential Foods,WM MORRISONS STORES LONDON, Process Date 08/08/2015
08/08/2015,Reference: AT152210006000010181665,70,Eating Out,ZAYNA LONDON, Process Date 08/08/2015
09/08/2015,Reference: AT152220019000010194947,7.37,Essential Foods,SAINSBURY'S SPRMRKTS LT LONDON, Process Date 09/08/2015
10/08/2015,Reference: AT152230019000010204240,5.95,Sandwich,LANIMA LONDON,GOODS OR SERVICES Process Date 10/08/2015  GOODS OR SERVICES
10/08/2015,Reference: AT152230019000010203761,5.35,Sandwich,STARBUCKS LONDON,Starbucks - 12215 - Sun Street Process Date 10/08/2015  Starbucks - 12215 - Sun Street
10/08/2015,Reference: AT152230019000010204731,11.49,Essential Foods,WM MORRISONS STORES LONDON, Process Date 10/08/2015
11/08/2015,Reference: AT152250015000010199913,5,Sandwich,LANIMA LONDON,GOODS OR SERVICES Process Date 12/08/2015  GOODS OR SERVICES
11/08/2015,Reference: AT152240015000010196599,0.89,Essential Foods,TESCO SELF SERVICE LONDON, Process Date 12/08/2015
11/08/2015,Reference: AT152240015000010194601,5.55,Transportation,UBER UBER 866-576-1039, Process Date 11/08/2015
12/08/2015,Reference: AT152260009000010202499,5,Sandwich,LANIMA LONDON,GOODS OR SERVICES Process Date 13/08/2015  GOODS OR SERVICES
12/08/2015,Reference: AT152250015000010199720,3.9,Sandwich,STARBUCKS LONDON,Starbucks - 12215 - Sun Street Process Date 12/08/2015  Starbucks - 12215 - Sun Street
12/08/2015,Reference: AT152250015000010199682,1.45,Sandwich,VITAL INGREDIENT LONDON,VITAL INGREDIENT SUN STREET Process Date 12/08/2015  VITAL INGREDIENT SUN STREET
12/08/2015,Reference: AT152250015000010200263,3.26,Essential Foods,WM MORRISONS STORES LONDON, Process Date 12/08/2015
13/08/2015,Reference: AT152260009000010202500,7.15,Sandwich,LANIMA LONDON,GOODS OR SERVICES Process Date 13/08/2015  GOODS OR SERVICES
13/08/2015,Reference: AT152250066000010008266,-770.63,,PAYMENT RECEIVED - THANK YOU, Process Date 13/08/2015
13/08/2015,Reference: AT152260009000010203011,4.42,Essential Foods,WM MORRISONS STORES LONDON, Process Date 13/08/2015
14/08/2015,Reference: AT152270006000010201760,8.79,Medicine,BOOTS THE CHEMIST LONDON,MERCHANDISE Process Date 14/08/2015  MERCHANDISE
14/08/2015,Reference: AT152270006000010202041,5,Sandwich,LANIMA LONDON,GOODS OR SERVICES Process Date 14/08/2015  GOODS OR SERVICES
14/08/2015,Reference: AT152270006000010202700,5.69,Essential Foods,WM MORRISONS STORES LONDON, Process Date 14/08/2015
15/08/2015,Reference: AT152280005000010195803,32.9,Clothes,PRIMARK OXFORD  OXFORD, Process Date 15/08/2015
15/08/2015,Reference: AT152280005000010195055,41.87,Essential Foods,SAINSBURY'S SUPERMARKET OXFORD, Process Date 15/08/2015
15/08/2015,Reference: AT152280005000010194845,5,Transportation,UBER UBER 866-576-1039, Process Date 15/08/2015
16/08/2015,Reference: AT152290013000010196138,11.5,Essential Foods,MARKS AND SPENCER OXFOR OXFORD,RETAIL GOODS Process Date 17/08/2015  RETAIL GOODS
16/08/2015,Reference: AT152290013000010196139,62,Essential Foods,MARKS AND SPENCER OXFOR OXFORD,RETAIL GOODS Process Date 17/08/2015  RETAIL GOODS
16/08/2015,Reference: AT152290013000010194469,9.64,Essential Foods,SAINSBURY'S SUPERMARKET OXFORD, Process Date 16/08/2015
16/08/2015,Reference: AT152290013000010194503,1.02,Essential Foods,SAINSBURY'S SUPERMARKET OXFORD, Process Date 16/08/2015
17/08/2015,Reference: AT152300020000010205998,10.05,Eating Out,BRITANNIA LONDON EC3 LONDON, Process Date 17/08/2015
17/08/2015,Reference: AT152300020000010206368,534.6,Transportation,FIRST GREAT WESTERN LIN OXFORD,GOODS Process Date 17/08/2015  GOODS
18/08/2015,Reference: AT152310015000010198150,5.49,Essential Foods,M & S SIMPLY FOOD OXFOR OXFORD, Process Date 19/08/2015
18/08/2015,Reference: AT152310015000010197610,2.9,Sandwich,VITAL INGREDIENT LONDON,VITAL INGREDIENT SUN STREET Process Date 18/08/2015  VITAL INGREDIENT SUN STREET
19/08/2015,Reference: AT152320019000010201387,8.24,Sandwich,BROADGATE LIVERPOOL ST LONDON, Process Date 20/08/2015
19/08/2015,Reference: AT152320019000010200250,5,Sandwich,LANIMA LONDON,GOODS OR SERVICES Process Date 19/08/2015  GOODS OR SERVICES
19/08/2015,Reference: AT152320019000010200297,2.45,Sandwich,UPPER CRUST LONDON, Process Date 19/08/2015
20/08/2015,Reference: AT152330015000010207050,3.03,Medicine,BOOTS THE CHEMIST LONDON,MERCHANDISE Process Date 20/08/2015  MERCHANDISE
20/08/2015,Reference: AT152330015000010208261,4.69,Essential Foods,M & S SIMPLY FOOD OXFOR OXFORD, Process Date 21/08/2015
20/08/2015,Reference: AT152330015000010206579,6.65,Sandwich,PRET A MANGER-WHITECROS LONDON, Process Date 20/08/2015
20/08/2015,Reference: AT152330015000010206780,7.65,Sandwich,STARBUCKS LONDON,Starbucks - 12215 - Sun Street Process Date 20/08/2015  Starbucks - 12215 - Sun Street
21/08/2015,Reference: AT152340020000010207016,3.29,Sandwich,CAFFE RITAZZA EXPRESS LONDON, Process Date 21/08/2015
21/08/2015,Reference: AT152350006000010186325,8,Sandwich,LANIMA LONDON,GOODS OR SERVICES Process Date 22/08/2015  GOODS OR SERVICES
22/08/2015,Reference: AT152350006000010185627,41.17,Essential Foods,SAINSBURY'S SUPERMARKET OXFORD, Process Date 22/08/2015
22/08/2015,Reference: AT152360017000010194829,5.7,Eating Out,TROUT INN OXFORD, Process Date 23/08/2015
22/08/2015,Reference: AT152360017000010194830,31.9,Eating Out,TROUT INN OXFORD, Process Date 23/08/2015
24/08/2015,Reference: AT152380021000010199176,5,Sandwich,LANIMA LONDON,GOODS OR SERVICES Process Date 25/08/2015  GOODS OR SERVICES
24/08/2015,Reference: AT152370019000010205325,5.49,Essential Foods,M & S SIMPLY FOOD OXFOR OXFORD, Process Date 25/08/2015
24/08/2015,Reference: AT152370019000010205326,2.27,Essential Foods,M & S SIMPLY FOOD OXFOR OXFORD, Process Date 25/08/2015
24/08/2015,Reference: AT152370019000010203864,2.05,Sandwich,STARBUCKS LONDON,Starbucks - 12215 - Sun Street Process Date 24/08/2015  Starbucks - 12215 - Sun Street
24/08/2015,Reference: AT152370019000010203587,2.19,Sandwich,W H SMITH UNKNOWN,STATIONERY Process Date 24/08/2015  STATIONERY
25/08/2015,Reference: AT152390017000010200448,6.5,Sandwich,LANIMA LONDON,GOODS OR SERVICES Process Date 26/08/2015  GOODS OR SERVICES
25/08/2015,Reference: AT152380021000010200467,6.1,Essential Foods,M & S SIMPLY FOOD OXFOR OXFORD, Process Date 26/08/2015
26/08/2015,Reference: AT152390017000010200447,5,Sandwich,LANIMA LONDON,GOODS OR SERVICES Process Date 26/08/2015  GOODS OR SERVICES
26/08/2015,Reference: AT152390017000010201118,1.75,Sandwich,RITAZZA READING, Process Date 26/08/2015
26/08/2015,Reference: AT152390017000010200205,30,Tuition,SUBSCRIPTION TO FT.COM LONDON,INTERNET TRANSACTION Process Date 26/08/2015  INTERNET TRANSACTION
26/08/2015,Reference: AT152390017000010200915,2.95,Sandwich,VITAL INGREDIENT LONDON,VITAL INGREDIENT SUN STREET Process Date 26/08/2015  VITAL INGREDIENT SUN STREET
27/08/2015,Reference: AT152400021000010212141,11.24,Electronics,HOME RETAIL GROUP PLC CENTRAL MILTON, Process Date 27/08/2015
27/08/2015,Reference: AT152400021000010214246,6.14,Essential Foods,M & S SIMPLY FOOD OXFOR OXFORD, Process Date 28/08/2015
27/08/2015,Reference: AT152400021000010212635,8.59,Sandwich,PRET A MANGER-WHITECROS LONDON, Process Date 27/08/2015
27/08/2015,Reference: AT152400021000010212767,5.35,Sandwich,STARBUCKS LONDON,Starbucks - 12215 - Sun Street Process Date 27/08/2015  Starbucks - 12215 - Sun Street
27/08/2015,Reference: AT152400072000010000011,-11.24,,SafeKey ARGOS, Process Date 28/08/2015
28/08/2015,Reference: AT152420005000010192682,7,Sandwich,LANIMA LONDON,GOODS OR SERVICES Process Date 29/08/2015  GOODS OR SERVICES
28/08/2015,Reference: AT152440016000010217415,6.43,Essential Foods,M & S SIMPLY FOOD OXFOR OXFORD, Process Date 01/09/2015
28/08/2015,Reference: AT152410021000010199283,1.45,Sandwich,VITAL INGREDIENT LONDON,VITAL INGREDIENT SUN STREET Process Date 28/08/2015  VITAL INGREDIENT SUN STREET
28/08/2015,Reference: AT152410021000010199155,1.79,Sandwich,W H SMITH UNKNOWN,STATIONERY Process Date 28/08/2015  STATIONERY
29/08/2015,Reference: AT152420005000010192945,4.25,Tuition,NYTDIGITALSUBSCRIPTI 800-698-4637, Process Date 29/08/2015
29/08/2015,Reference: AT152420005000010191712,39.01,Essential Foods,SAINSBURY'S SUPERMARKET OXFORD, Process Date 29/08/2015
30/08/2015,Reference: AT152430009000010153193,4.99,Entertainment,MUBI LONDON, Process Date 30/08/2015
31/08/2015,Reference: AT152440016000010216824,27.4,Eating Out,THE STANDARD OXFORD, Process Date 31/08/2015
01/09/2015,Reference: AT152450009000010201032,5.24,Sandwich,BROADGATE LIVERPOOL ST LONDON, Process Date 02/09/2015
01/09/2015,Reference: AT152450009000010199800,5.95,Sandwich,LANIMA LONDON,GOODS OR SERVICES Process Date 01/09/2015  GOODS OR SERVICES
01/09/2015,Reference: AT152450009000010199350,3.3,Sandwich,STARBUCKS LONDON,Starbucks - 12215 - Sun Street Process Date 01/09/2015  Starbucks - 12215 - Sun Street
02/09/2015,Reference: AT152460019000010215348,5.25,Medicine,BOOTS THE CHEMIST LONDON,MERCHANDISE Process Date 02/09/2015  MERCHANDISE
02/09/2015,Reference: AT152460019000010215967,3.9,Sandwich,NOTES LONDON, Process Date 02/09/2015
02/09/2015,Reference: AT152460019000010215048,4.9,Sandwich,PRET A MANGER-WHITECROS LONDON, Process Date 02/09/2015
02/09/2015,Reference: AT152460019000010216964,4.47,Postal,RYMAN LTD LONDON, Process Date 03/09/2015
02/09/2015,Reference: AT152460019000010215896,361,Entertainment,THE RANDOLPH OXFORD, Process Date 02/09/2015
02/07/2015,Reference: AT151850006000010206496,5.5,Sandwich,LANIMA LONDON,GOODS OR SERVICES Process Date 03/07/2015  GOODS OR SERVICES
03/07/2015,Reference: AT151850006000010206854,33.05,Entertainment,COAST TO COAST 1985 STANSTED AIRPOR,1985 Coast2Coast Stansted Process Date 03/07/2015  1985 Coast2Coast Stansted
03/07/2015,Reference: AT151850006000010207830,5.5,Sandwich,COSTA LONDON TOTTENHAM LONDON,HOSPITALITY-GOODS-SERVICES Process Date 04/07/2015  HOSPITALITY-GOODS-SERVICES
03/07/2015,Reference: AT151850006000010205407,20,Sandwich,HEATHROW T1 HEATHROW LE LONDON, Process Date 03/07/2015
03/07/2015,Reference: AT151850006000010206855,1.8,Sandwich,PIP STANSTED AIRPOR,1973 PIP Stansted Airport Process Date 03/07/2015  1973 PIP Stansted Airport
03/07/2015,Reference: AT151850006000010206089,5.35,Sandwich,STARBUCKS LONDON,Starbucks - 12215 - Sun Street Process Date 03/07/2015  Starbucks - 12215 - Sun Street
03/07/2015,Reference: AT151850006000010205811,20,Sandwich,W H SMITH LIMITED STANSTED,STATIONERY Process Date 03/07/2015  STATIONERY
04/07/2015,Reference: AT151860006000010187652,4.25,Tuition,NYTDIGITALSUBSCRIPTI 800-698-4637, Process Date 04/07/2015
15/07/2015,Reference: AT151970015000010202006,6.45,Sandwich,PIP STANSTED AIRPOR,1973 PIP Stansted Airport Process Date 15/07/2015  1973 PIP Stansted Airport
15/07/2015,Reference: AT151970015000010201168,22.08,Essential Foods,WAITROSE WESTFIELD LONDON,GENERAL GOODS Process Date 15/07/2015  GENERAL GOODS
16/07/2015,Reference: AT151980013000010206368,7.49,Medicine,BOOTS THE CHEMIST LONDON,MERCHANDISE Process Date 16/07/2015  MERCHANDISE
16/07/2015,Reference: AT151980013000010208104,4.92,Sandwich,BROADGATE LIVERPOOL ST LONDON, Process Date 17/07/2015
16/07/2015,Reference: AT151980013000010206765,6,Sandwich,LANIMA LONDON,GOODS OR SERVICES Process Date 16/07/2015  GOODS OR SERVICES
16/07/2015,Reference: AT151970078000010009069,-827.29,,PAYMENT RECEIVED - THANK YOU, Process Date 16/07/2015
16/07/2015,Reference: AT151980013000010206250,5.6,Sandwich,STARBUCKS LONDON,Starbucks - 12215 - Sun Street Process Date 16/07/2015  Starbucks - 12215 - Sun Street
17/07/2015,Reference: AT152000005000010192499,6.5,Sandwich,LANIMA LONDON,GOODS OR SERVICES Process Date 18/07/2015  GOODS OR SERVICES
17/07/2015,Reference: AT151990020000010201525,1.45,Sandwich,VITAL INGREDIENT LONDON,VITAL INGREDIENT SUN STREET Process Date 17/07/2015  VITAL INGREDIENT SUN STREET
19/07/2015,Reference: AT152010021000010201162,9.05,Sandwich,CAFFE CONCERTO WESTFIEL LONDON, Process Date 19/07/2015
19/07/2015,Reference: AT152010021000010200639,55,Clothes,SCHUH LTD WHITE CITY LONDON,GOODS Process Date 19/07/2015  GOODS
19/07/2015,Reference: AT152010021000010200710,20.27,Luxury Foods,WAITROSE WESTFIELD LONDON,GENERAL GOODS Process Date 19/07/2015  GENERAL GOODS
20/07/2015,Reference: AT152020018000010208345,1.63,Sandwich,BROADGATE LIVERPOOL ST LONDON, Process Date 21/07/2015
20/07/2015,Reference: AT152020018000010208346,7.37,Sandwich,BROADGATE LIVERPOOL ST LONDON, Process Date 21/07/2015
20/07/2015,Reference: AT152020018000010206943,5.5,Sandwich,LANIMA LONDON,GOODS OR SERVICES Process Date 20/07/2015  GOODS OR SERVICES
21/07/2015,Reference: AT152020068000010010836,10.86,Entertainment,AMAZON UK MARKETPLACE 800-279-6620, Process Date 21/07/2015
21/07/2015,Reference: AT152030017000010206653,4.23,Sandwich,BROADGATE LIVERPOOL ST LONDON, Process Date 22/07/2015
21/07/2015,Reference: AT152030017000010205845,6,Sandwich,LANIMA LONDON,GOODS OR SERVICES Process Date 21/07/2015  GOODS OR SERVICES
21/07/2015,Reference: AT152030017000010206813,9.29,Essential Foods,MARKS & SPENCER - FINSB LONDON,RETAIL GOODS Process Date 22/07/2015  RETAIL GOODS
22/07/2015,Reference: AT152050016000010207262,9,Sandwich,LANIMA LONDON,GOODS OR SERVICES Process Date 23/07/2015  GOODS OR SERVICES
22/07/2015,Reference: AT152050016000010207263,-1.25,,LANIMA LONDON,GOODS OR SERVICES Process Date 23/07/2015  GOODS OR SERVICES
23/07/2015,Reference: AT152060020000010184514,5,,LANIMA LONDON,GOODS OR SERVICES Process Date 24/07/2015  GOODS OR SERVICES
23/07/2015,Reference: AT152050016000010207784,13.03,Essential Foods,WM MORRISONS STORES LONDON, Process Date 23/07/2015
24/07/2015,Reference: AT152070007000010186854,6,Sandwich,LANIMA LONDON,GOODS OR SERVICES Process Date 25/07/2015  GOODS OR SERVICES
24/07/2015,Reference: AT152060020000010184052,2.45,Sandwich,VITAL INGREDIENT LONDON,VITAL INGREDIENT SUN STREET Process Date 24/07/2015  VITAL INGREDIENT SUN STREET
24/07/2015,Reference: AT152060020000010185076,7.27,Essential Foods,WM MORRISONS STORES LONDON, Process Date 24/07/2015
25/07/2015,Reference: AT152070007000010187176,55.75,Eating Out,LA PIZZICA RESTAURANT L LONDON, Process Date 25/07/2015
26/07/2015,Reference: AT152080021000010192563,30,Tuition,SUBSCRIPTION TO FT.COM LONDON,INTERNET TRANSACTION Process Date 26/07/2015  INTERNET TRANSACTION
26/07/2015,Reference: AT152080021000010193644,6.4,Sandwich,WM MORRISONS STORES LONDON, Process Date 26/07/2015
27/07/2015,Reference: AT152090015000010205936,3.53,Sandwich,BROADGATE LIVERPOOL ST LONDON, Process Date 28/07/2015
27/07/2015,Reference: AT152090015000010204528,5.65,Sandwich,CAMDEN FOOD CO. LONDON, Process Date 27/07/2015
27/07/2015,Reference: AT152090015000010205115,8.37,Essential Foods,WM MORRISONS STORES LONDON, Process Date 27/07/2015
28/07/2015,Reference: AT152100016000010196218,6.85,Sandwich,LANIMA LONDON,GOODS OR SERVICES Process Date 28/07/2015  GOODS OR SERVICES
28/07/2015,Reference: AT152100016000010196439,162.99,Transportation,PERSONAL STORAGE OXFORD, Process Date 28/07/2015
28/07/2015,Reference: AT152100016000010195786,5.95,Sandwich,STARBUCKS LONDON,Starbucks - 12215 - Sun Street Process Date 28/07/2015  Starbucks - 12215 - Sun Street
28/07/2015,Reference: AT152100016000010196786,10.13,Essential Foods,WM MORRISONS STORES LONDON, Process Date 28/07/2015
29/07/2015,Reference: AT152110018000010197714,6,Sandwich,LANIMA LONDON,GOODS OR SERVICES Process Date 29/07/2015  GOODS OR SERVICES
30/07/2015,Reference: AT152120013000010202511,5.65,Sandwich,PRET A MANGER-WHITECROS LONDON, Process Date 30/07/2015
30/07/2015,Reference: AT152120013000010203789,3.34,Essential Foods,WM MORRISONS STORES LONDON, Process Date 30/07/2015
31/07/2015,Reference: AT152130006000010192720,5,Sandwich,LANIMA LONDON,GOODS OR SERVICES Process Date 31/07/2015  GOODS OR SERVICES
31/07/2015,Reference: AT152130006000010193080,6.57,Essential Foods,WM MORRISONS STORES LONDON, Process Date 31/07/2015
01/08/2015,Reference: AT152140006000010184755,45.28,Eating Out,INDIAN ZING LONDON, Process Date 01/08/2015
01/08/2015,Reference: AT152140006000010185002,4.25,Tuition,NYTDIGITALSUBSCRIPTI 800-698-4637, Process Date 01/08/2015
01/08/2015,Reference: AT152140006000010185391,7.1,Essential Foods,TESCO STORES 2753 LONDON, Process Date 02/08/2015
02/08/2015,Reference: AT152150011000010208583,4.1,Essential Foods,SNSBRY'S LCAL HMMERSMIT LONDON, Process Date 02/08/2015
02/08/2015,Reference: AT152150011000010208664,35,Clothes,TOP SHOP WHITE CITY LONDON, Process Date 02/08/2015
02/08/2015,Reference: AT152150011000010209971,26.08,Entertainment,VUE WESTFIELD - E COMME LONDON, Process Date 03/08/2015
